<ImportExportXml xmlns:xsi="http://www.w3.org/2001/XMLSchema-instance">
  <Entities></Entities>
  <Roles></Roles>
  <Workflows></Workflows>
  <FieldSecurityProfiles></FieldSecurityProfiles>
  <Templates />
  <EntityMaps />
  <EntityRelationships />
  <OrganizationSettings />
  <optionsets />
  <CustomControls />
  <EntityDataProviders />
  <Connectors>
    <Connector>
      <connectorid>f9ed24d1-dc4d-41da-b379-92e0a57e0575</connectorid>
      <description>for searching books with aoi connector</description>
      <displayname>MyAPIComnnector</displayname>
      <iconbrandcolor></iconbrandcolor>
      <name>mh_5Fmyapicomnnector</name>
      <connectortype>1</connectortype>
      <openapidefinition>/Connector/mh_5Fmyapicomnnector_openapidefinition.json</openapidefinition>
      <connectionparameters>/Connector/mh_5Fmyapicomnnector_connectionparameters.json</connectionparameters>
      <policytemplateinstances>/Connector/mh_5Fmyapicomnnector_policytemplateinstances.json</policytemplateinstances>
      <iconblob>/Connector/mh_5Fmyapicomnnector_iconblob.Png</iconblob>
    </Connector>
  </Connectors>
  <Languages>
    <Language>1033</Language>
  </Languages>
</ImportExportXml>