{"swagger":"2.0","info":{"title":"Default title","description":"for searching books with aoi connector","version":"1.0"},"host":"www.googleapis.com","basePath":"/books/v1","schemes":["https"],"consumes":[],"produces":[],"paths":{"/volumes":{"get":{"responses":{"default":{"description":"default","schema":{"type":"object","properties":{"kind":{"type":"string","description":"kind"},"totalItems":{"type":"integer","format":"int32","description":"totalItems"},"items":{"type":"array","items":{"type":"object","properties":{"kind":{"type":"string","description":"kind"},"id":{"type":"string","description":"id"},"etag":{"type":"string","description":"etag"},"selfLink":{"type":"string","description":"selfLink"},"volumeInfo":{"type":"object","properties":{"title":{"type":"string","description":"title"},"subtitle":{"type":"string","description":"subtitle"},"authors":{"type":"array","items":{"type":"string"},"description":"authors"},"publishedDate":{"type":"string","description":"publishedDate"},"industryIdentifiers":{"type":"array","items":{"type":"object","properties":{"type":{"type":"string","description":"type"},"identifier":{"type":"string","description":"identifier"}}},"description":"industryIdentifiers"},"readingModes":{"type":"object","properties":{"text":{"type":"boolean","description":"text"},"image":{"type":"boolean","description":"image"}},"description":"readingModes"},"pageCount":{"type":"integer","format":"int32","description":"pageCount"},"printType":{"type":"string","description":"printType"},"categories":{"type":"array","items":{"type":"string"},"description":"categories"},"maturityRating":{"type":"string","description":"maturityRating"},"allowAnonLogging":{"type":"boolean","description":"allowAnonLogging"},"contentVersion":{"type":"string","description":"contentVersion"},"panelizationSummary":{"type":"object","properties":{"containsEpubBubbles":{"type":"boolean","description":"containsEpubBubbles"},"containsImageBubbles":{"type":"boolean","description":"containsImageBubbles"}},"description":"panelizationSummary"},"imageLinks":{"type":"object","properties":{"smallThumbnail":{"type":"string","description":"smallThumbnail"},"thumbnail":{"type":"string","description":"thumbnail"}},"description":"imageLinks"},"language":{"type":"string","description":"language"},"previewLink":{"type":"string","description":"previewLink"},"infoLink":{"type":"string","description":"infoLink"},"canonicalVolumeLink":{"type":"string","description":"canonicalVolumeLink"},"averageRating":{"type":"integer","format":"int32","description":"averageRating"},"ratingsCount":{"type":"integer","format":"int32","description":"ratingsCount"},"description":{"type":"string","description":"description"},"publisher":{"type":"string","description":"publisher"}},"description":"volumeInfo"},"saleInfo":{"type":"object","properties":{"country":{"type":"string","description":"country"},"saleability":{"type":"string","description":"saleability"},"isEbook":{"type":"boolean","description":"isEbook"},"buyLink":{"type":"string","description":"buyLink"}},"description":"saleInfo"},"accessInfo":{"type":"object","properties":{"country":{"type":"string","description":"country"},"viewability":{"type":"string","description":"viewability"},"embeddable":{"type":"boolean","description":"embeddable"},"publicDomain":{"type":"boolean","description":"publicDomain"},"textToSpeechPermission":{"type":"string","description":"textToSpeechPermission"},"epub":{"type":"object","properties":{"isAvailable":{"type":"boolean","description":"isAvailable"},"downloadLink":{"type":"string","description":"downloadLink"},"acsTokenLink":{"type":"string","description":"acsTokenLink"}},"description":"epub"},"pdf":{"type":"object","properties":{"isAvailable":{"type":"boolean","description":"isAvailable"},"downloadLink":{"type":"string","description":"downloadLink"},"acsTokenLink":{"type":"string","description":"acsTokenLink"}},"description":"pdf"},"webReaderLink":{"type":"string","description":"webReaderLink"},"accessViewStatus":{"type":"string","description":"accessViewStatus"},"quoteSharingAllowed":{"type":"boolean","description":"quoteSharingAllowed"}},"description":"accessInfo"},"searchInfo":{"type":"object","properties":{"textSnippet":{"type":"string","description":"textSnippet"}},"description":"searchInfo"}}},"description":"items"}}}}},"summary":"Using the action you can search","description":"used for books search","operationId":"MH123","parameters":[{"name":"q","in":"query","required":false,"type":"string"}]}}},"definitions":{},"parameters":{},"responses":{},"securityDefinitions":{},"security":[],"tags":[],"x-ms-openai-manifest":{"humanName":"maheshapi","modelDescription":"Books  search","contactEmail":"maheshnlvp@gmail.com"}}