{
  "properties": {
    "connectionReferences": {
      "shared_commondataserviceforapps": {
        "runtimeSource": "embedded",
        "connection": {
          "connectionReferenceLogicalName": "contoso_sharedcommondataserviceforapps_4ad72"
        },
        "api": {
          "name": "shared_commondataserviceforapps"
        }
      }
    },
    "definition": {
      "$schema": "https://schema.management.azure.com/providers/Microsoft.Logic/schemas/2016-06-01/workflowdefinition.json#",
      "contentVersion": "1.0.0.0",
      "parameters": {
        "$connections": {
          "defaultValue": {},
          "type": "Object"
        },
        "$authentication": {
          "defaultValue": {},
          "type": "SecureObject"
        }
      },
      "triggers": {
        "manual": {
          "metadata": {
            "operationMetadataId": "52cbd574-9cdf-4412-a797-04994d778fc0"
          },
          "type": "Request",
          "kind": "PowerAppV2",
          "inputs": {
            "schema": {
              "type": "object",
              "properties": {
                "text": {
                  "title": "InspectionID",
                  "type": "string",
                  "x-ms-dynamically-added": true,
                  "description": "GUID",
                  "x-ms-content-hint": "TEXT"
                }
              },
              "required": [
                "text"
              ]
            }
          }
        }
      },
      "actions": {
        "CancelComments": {
          "runAfter": {},
          "metadata": {
            "operationMetadataId": "0204ca17-252a-4335-9417-03724c1af2a9"
          },
          "type": "OpenApiConnection",
          "inputs": {
            "host": {
              "connectionName": "shared_commondataserviceforapps",
              "operationId": "UpdateRecord",
              "apiId": "/providers/Microsoft.PowerApps/apis/shared_commondataserviceforapps"
            },
            "parameters": {
              "entityName": "contoso_inspections",
              "recordId": "@triggerBody()['text']",
              "item/contoso_comments": "@null"
            },
            "authentication": "@parameters('$authentication')"
          }
        },
        "GetPermit": {
          "runAfter": {
            "CancelComments": [
              "Succeeded"
            ]
          },
          "metadata": {
            "operationMetadataId": "07cee8bc-0511-4379-a0df-e9f7b9e40c37"
          },
          "type": "OpenApiConnection",
          "inputs": {
            "host": {
              "connectionName": "shared_commondataserviceforapps",
              "operationId": "GetItem",
              "apiId": "/providers/Microsoft.PowerApps/apis/shared_commondataserviceforapps"
            },
            "parameters": {
              "entityName": "contoso_permits",
              "recordId": "@outputs('CancelComments')?['body/_contoso_permit_value']"
            },
            "authentication": "@parameters('$authentication')"
          }
        },
        "Respond_to_a_Power_App_or_flow": {
          "runAfter": {
            "GetPermit": [
              "Succeeded"
            ]
          },
          "metadata": {
            "operationMetadataId": "ca817176-85c8-49d8-81d0-f45c3e8d43fb"
          },
          "type": "Response",
          "kind": "PowerApp",
          "inputs": {
            "statusCode": 200,
            "body": {
              "startdate": "start@{outputs('GetPermit')?['body/contoso_startdate']}"
            },
            "schema": {
              "type": "object",
              "properties": {
                "startdate": {
                  "title": "startdate",
                  "x-ms-dynamically-added": true,
                  "type": "string",
                  "format": "date"
                }
              }
            }
          }
        }
      }
    },
    "templateName": null
  },
  "schemaVersion": "1.0.0.0"
}