{
  "properties": {
    "connectionReferences": {
      "shared_commondataserviceforapps": {
        "runtimeSource": "embedded",
        "connection": {
          "connectionReferenceLogicalName": "contoso_sharedcommondataserviceforapps_4ad72"
        },
        "api": {
          "name": "shared_commondataserviceforapps"
        }
      }
    },
    "definition": {
      "$schema": "https://schema.management.azure.com/providers/Microsoft.Logic/schemas/2016-06-01/workflowdefinition.json#",
      "contentVersion": "1.0.0.0",
      "parameters": {
        "$connections": {
          "defaultValue": {},
          "type": "Object"
        },
        "$authentication": {
          "defaultValue": {},
          "type": "SecureObject"
        }
      },
      "triggers": {
        "Recurrence": {
          "recurrence": {
            "frequency": "Month",
            "interval": 1,
            "startTime": "2024-07-04T17:00:00Z"
          },
          "metadata": {
            "operationMetadataId": "f10d9b46-0261-4c82-8b53-970282a08dd3"
          },
          "type": "Recurrence"
        }
      },
      "actions": {
        "Inspections": {
          "runAfter": {},
          "metadata": {
            "operationMetadataId": "36fa33de-c6a7-4b33-b775-41ef0dd1264a"
          },
          "type": "OpenApiConnection",
          "inputs": {
            "host": {
              "connectionName": "shared_commondataserviceforapps",
              "operationId": "ListRecords",
              "apiId": "/providers/Microsoft.PowerApps/apis/shared_commondataserviceforapps"
            },
            "parameters": {
              "entityName": "contoso_inspections",
              "$filter": " statuscode ne 330650001"
            },
            "authentication": "@parameters('$authentication')"
          }
        },
        "Loop": {
          "foreach": "@outputs('Inspections')?['body/value']",
          "actions": {
            "Update_Inspection": {
              "runAfter": {},
              "metadata": {
                "operationMetadataId": "c93d0998-86d9-408a-9285-ba4ae3637a58"
              },
              "type": "OpenApiConnection",
              "inputs": {
                "host": {
                  "connectionName": "shared_commondataserviceforapps",
                  "operationId": "UpdateRecord",
                  "apiId": "/providers/Microsoft.PowerApps/apis/shared_commondataserviceforapps"
                },
                "parameters": {
                  "entityName": "contoso_inspections",
                  "recordId": "@items('Loop')?['contoso_inspectionid']",
                  "item/statuscode": 330650001
                },
                "authentication": "@parameters('$authentication')"
              }
            }
          },
          "runAfter": {
            "Inspections": [
              "Succeeded"
            ]
          },
          "metadata": {
            "operationMetadataId": "97853613-ae53-4b70-977e-9c502f2f199e"
          },
          "type": "Foreach"
        }
      }
    },
    "templateName": null
  },
  "schemaVersion": "1.0.0.0"
}